,action_ATK_nearest,action_ATK_nearest_weakest,action_MIX_lure,action_MIX_gather
X,2.1143039748303485,2.185189527864522,2.2158623219022706,2.2243562939508426
terminal,0.0,0.0,0.0,0.0
