,action_ATK_nearest,action_ATK_nearest_weakest,action_MIX_lure,action_MIX_gather
0FC60F,-0.6059999999999999,0.0,1.2000000000000002,0.0
0FF067,0.0,0.0,0.0,-1.2000000000000002
C60F0F,0.0,0.0,0.0,-0.5453999999999999
0F67F0,0.0,0.0,1.5366000000000002,0.0
F00F67,0.0,0.0,0.0,0.11286000000000003
