,action_ATK_nearest,action_ATK_nearest_weakest,action_MIX_lure,action_MIX_gather
0F0F0F,0.08100000000000002,0.07780827681000002,0.078594219,0.675956146774571
terminal,0.0,0.0,0.0,0.0
