,action_ATK_nearest,action_ATK_nearest_weakest,action_MIX_lure,action_MIX_gather
0F0F0F0F0F0F0F0F,0.006000000000000005,-3.5135955383999997,-1.481544,-0.6000000000000001
