,action_ATK_nearest,action_ATK_nearest_weakest,action_MIX_lure,action_MIX_gather
X,5.367765492810154,5.871859635752192,5.4624561844754975,8.628692408468169
terminal,0.0,0.0,0.0,0.0
