,action_ATK_nearest,action_ATK_nearest_weakest,action_MIX_lure,action_MIX_gather
X,22.76898046302902,32.20098165881367,25.14083151578097,22.520812969879834
terminal,0.0,0.0,0.0,0.0
