,action_ATK_nearest,action_ATK_nearest_weakest,action_MIX_lure,action_MIX_gather
0FF0,0.0,-0.6000000000000001,0.0,0.0
0F0F,0.759,-0.6000000000000001,0.0,-0.30000000000000004
FF0F,-0.2541,0.0,0.0,0.0
F0F0,0.0,0.0,0.0,0.0
