,action_ATK_nearest,action_ATK_nearest_weakest,action_MIX_lure,action_MIX_gather
0F0F,0.825848601328574,0.0,-0.30000000000000004,-0.5695221786000001
FF0F,0.0,0.6000000000000001,0.0,0.0
0FFF,0.0,0.0,0.0,0.0
terminal,0.0,0.0,0.0,0.0
