,action_ATK_nearest,action_ATK_nearest_weakest,action_MIX_lure,action_MIX_gather
ABF0,0.6000000000000001,0.0,0.0,0.0
F0F0,0.0,0.6000000000000001,0.0,0.0
0FF0,0.0,0.0,0.5448600000000001,0.0
F00F,0.09763740000000004,0.0,0.0,0.0
