,action_ATK_nearest,action_ATK_nearest_weakest,action_MIX_lure,action_MIX_gather
0FF0,0.0,0.0,0.4206000000000001,0.0
FF0F,0.0,0.0,0.0,-1.2000000000000002
F00F,0.35400000000000004,0.0,0.0,0.6480000000000001
F0F0,0.0,0.0,0.0,0.0
C30F,0.0,-0.5028,0.0,0.0
