,action_ATK_nearest,action_ATK_nearest_weakest,action_MIX_lure,action_MIX_gather
0F0F,0.27057000000000003,-0.9251600043000001,-0.30000000000000004,0.9243513000000001
F0AB,-0.8705700000000001,0.0,0.0,0.0
F087,0.0,0.0,-0.5757,0.0
