,action_ATK_nearest,action_ATK_nearest_weakest,action_MIX_lure,action_MIX_gather
97F0,0.0,0.30000000000000004,0.0,0.0
0F0F,0.0,-0.30000000000000004,0.0,-4.800000000000001
F0CA,0.0,0.0,-0.30000000000000004,0.0
