,action_ATK_nearest,action_ATK_nearest_weakest,action_MIX_lure,action_MIX_gather
0FF0,0.0,0.0,0.0,0.30000000000000004
0F0F,0.0,-0.6000000000000001,0.25676731347299997,0.02700000000000001
0FFF,0.0,0.023109058212569998,0.0,0.0
