,action_ATK_nearest,action_ATK_nearest_weakest,action_MIX_lure,action_MIX_gather
0F0F,0.02700000000000001,0.0,-1.1400000000000001,4.1844194834525466
FF0F,0.0,0.0,0.24210981232639048,0.7428878046968438
0FFF,0.0,0.0,0.0,0.6107187552359928
terminal,0.0,0.0,0.0,0.0
