,action_ATK_nearest,action_ATK_nearest_weakest,action_MIX_lure,action_MIX_gather
0FF0,0.0,0.6000000000000001,0.0,0.0
0F0F,-0.9,0.0,0.026189999999999998,0.07718999999999998
