,action_ATK_nearest,action_ATK_nearest_weakest,action_MIX_lure,action_MIX_gather
F00F,0.0,-0.6000000000000001,0.0,0.8400000000000001
0FC3,0.0,0.0,0.35400000000000004,0.0
0FF0,0.0,0.681,0.0,2.3856
