,action_ATK_nearest,action_ATK_nearest_weakest,action_MIX_lure,action_MIX_gather
0F0F0F,0.35103,0.0,0.016918701281454007,0.048765308708161086
F00F0F,0.0,0.0,-0.6000000000000001,0.0
0FFF0F,0.0,0.0,0.0,0.0
