,action_ATK_nearest,action_ATK_nearest_weakest,action_MIX_lure,action_MIX_gather
0F0F0A,0.6000000000000001,0.0,0.0,0.0
0F0F0F,-1.2000000000000002,1.1611866000000004,-1.2000000000000002,2.9711448826085474
0FF00F,0.0,-0.6000000000000001,0.0,0.0
F00FF0,0.0,0.0,-0.9,1.3153380600000002
FF0F0F,0.0,1.2000000000000002,0.0,0.0
F0F00F,0.0,0.0,0.0,0.0
