,action_ATK_nearest,action_ATK_nearest_weakest,action_MIX_lure,action_MIX_gather
F0F00F46,0.0,0.0,0.0,9.37103725650243
F0460FF0,0.0,2.209425440594609,0.0,0.0
0FF0F046,0.0,0.0,0.0,1.1988600000000003
F00F46F0,0.0,0.0,0.7987365834000001,0.0
46F0F00F,1.5037031860739594,0.0,0.0,0.0
0FF0C3F0,0.0,0.0,0.6000000000000001,0.0
0FF046F0,0.0,0.0,0.0,1.7031414385397479
46F00FF0,0.0,0.0,1.6993895078835153,0.0
F0F0460F,0.0,0.0,0.0,3.7563668549859335
F00FF046,0.0,0.0,0.0,1.2501042234714626
