,action_ATK_nearest,action_ATK_nearest_weakest,action_MIX_lure,action_MIX_gather
F0F0460F,0.0,0.0,0.0,-0.30000000000000004
C3F00FFF,0.0,0.0,-3.0,0.0
F0FFF0F0,0.0,0.0,-0.30000000000000004,0.0
C3FFF00F,0.0,-0.6000000000000001,0.0,0.0
0FF0ABFF,0.0,0.0,0.0,-0.30000000000000004
F0ABFF0F,0.0,0.0,0.0,0.0
