,action_ATK_nearest,action_ATK_nearest_weakest,action_MIX_lure,action_MIX_gather
F0F0F0F0,-0.6509896274314076,-3.43700699076,-3.9427667036517238,-1.2000000000000002
F00F0FF0,-0.05918087522103706,-2.2863692085239995,0.0,-1.2000000000000002
0FF00FF0,0.54,0.0,-1.553868,-1.72056
0FF0F00F,0.0,-1.7404812,0.0,0.0
