,action_ATK_nearest,action_ATK_nearest_weakest,action_MIX_lure,action_MIX_gather
C30FF0F0,1.5,0.9,-0.49470000000000003,-1.3617899999999998
F0F0C30F,0.0,0.0,-1.8,2.4201384237551675
0FC3F0F0,-1.3925699999999999,4.585173003792454,0.0,0.0
C3F0F00F,0.0,0.0,2.9279379299999997,0.0
C3F00FF0,0.0,0.0,0.0,1.7424696000000002
0F0F0F0F,-1.019014923,0.0,0.0,0.0
F0F00FC3,0.0,1.6898865693000003,0.0,0.0
