,action_ATK_nearest,action_ATK_nearest_weakest,action_MIX_lure,action_MIX_gather
F00FAAF0,0.0,0.0,0.0,0.0
F0AAF00F,0.0,0.0,2.8585080000000005,0.008660520000000003
AAF0F00F,0.0,0.08660520000000002,0.0,0.0
F0AA0FF0,0.0,0.10800000000000004,0.0,0.0
0FF0AAF0,0.0,0.0,0.0,0.0
