,action_ATK_nearest,action_ATK_nearest_weakest,action_MIX_lure,action_MIX_gather
46F00FF0,0.0,-1.2611400000000001,0.0,0.6000000000000001
F0460FF0,0.0,0.0,0.0,0.6000000000000001
F0F0460F,0.0,1.7918340000000001,0.0,0.0
F0F00F46,0.0,0.0,-2.3676600000000003,0.8700000000000001
0A0F0FF0,0.6000000000000001,0.0,0.0,0.0
F00F46F0,0.0,0.0,0.6000000000000001,0.0
0F0F0F0F,0.0,0.0,0.0,1.9800000000000002
46F0F00F,0.0,0.6270000000000001,0.0,0.0
0FF046F0,0.0,0.0,0.0,0.0
