,action_ATK_nearest,action_ATK_nearest_weakest,action_MIX_lure,action_MIX_gather
0F0F0F0F,0.0,0.0,0.0,-1.8
0F0F0F87,0.0,0.0,0.0,0.0
F0F00F0F,0.6000000000000001,-1.2000000000000002,0.0,-1.2000000000000002
F00FF00F,1.2000000000000002,0.0,0.0,0.0
0FF00FF0,0.0,0.0,0.0,0.0
