,action_ATK_nearest,action_ATK_nearest_weakest,action_MIX_lure,action_MIX_gather
F0F0F0F0,0.7734530523128506,0.456736497956144,0.25350182554781076,-0.9877477079999999
0FF00FF0,0.0,0.0,0.16218356604749476,0.0
