,action_ATK_nearest,action_ATK_nearest_weakest,action_MIX_lure,action_MIX_gather
0F0F0F0F,0.0,0.0,-0.02999999999999997,-1.8
C3FFF00F,0.3599999999999999,0.0,0.0,0.0
46F0F00F,0.0,0.0,-0.9,0.0
F0460FF0,0.0,0.0,1.227,0.0
F046F00F,0.0,-0.6000000000000001,0.0,0.0
C3F00FFF,0.0,0.0,-1.8,0.0
