,action_ATK_nearest,action_ATK_nearest_weakest,action_MIX_lure,action_MIX_gather
F0F00F0F,0.0,10.394024880647978,0.0,0.0
0FC30F0F,0.0,0.6000000000000001,0.0,0.0
0FF0F00F,-0.05699999999999999,0.0,0.0,6.910738828744675
0F0FF0FF,0.8997,0.0,0.0,0.0
F00F0FF0,0.0,2.161112169346249,0.0,0.0
F00FF00F,0.0,0.0,0.0,8.344541900759934
