,action_ATK_nearest,action_ATK_nearest_weakest,action_MIX_lure,action_MIX_gather
0F0F0F0F0F,-0.21600000000000003,-0.30000000000000004,2.5178787000000007,-0.6000000000000001
460F0F0F0F,0.0,0.8187000000000002,0.0,0.0
0FF00F0FF0,-1.1347383,0.0,0.0,0.0
