,action_ATK_nearest,action_ATK_nearest_weakest,action_MIX_lure,action_MIX_gather
0FF0F00F0F0F,0.0,1.9714905642036755,0.0,0.0
F0F00F0F0F0F,2.0884531216028894,0.0,0.0,0.0
F00F0FF00F0F,0.0,1.3508354146218315,0.0,0.0
0F0FF0F00F0F,0.0,0.0,0.0,0.8056693095083504
0FF00FF00F0F,0.0,0.7128754023734762,-0.7502998589305282,0.0
0FF00F0FF00F,0.0,0.0,0.0,0.11772
F00FF00F0F0F,1.150024647871745,0.0,0.0,0.0
F00F0F0FF00F,0.0,0.8958722460287778,0.0,0.0
0F0FF00FF00F,0.0,0.0,0.0,0.22133454845935902
