,action_ATK_nearest,action_ATK_nearest_weakest,action_MIX_lure,action_MIX_gather
F0F00F0F0F0F,0.0,-0.17507459999999986,0.0,0.0
F00FF00F0F0F,0.0,0.0,0.0,0.0
0F0FF0F00F0F,0.0,0.0,-0.026784540000000124,0.6000000000000001
0FF0F00F0F0F,0.0,-0.6000000000000001,0.04260000000000008,0.0
0FF00FF00F0F,-0.508146,-0.6000000000000001,0.0,0.0
