,action_ATK_nearest,action_ATK_nearest_weakest,action_MIX_lure,action_MIX_gather
0F0F0F0F0F0F,-20.499149452991745,-20.301770741612298,-19.014586916336704,-19.313432385613858
