,action_ATK_nearest,action_ATK_nearest_weakest,action_MIX_lure,action_MIX_gather
0F0F0F0F0F0F0F0F,-3.0212399999999997,-7.737115460918839,-6.802019220000001,3.1437780593576035
