,action_ATK_nearest,action_ATK_nearest_weakest,action_MIX_lure,action_MIX_gather
0F0F0F0F0F0F0F0F,-0.9130531691324755,0.2969117412171355,0.7055348894849481,-0.1320625922044688
