,action_ATK_nearest,action_ATK_nearest_weakest,action_MIX_lure,action_MIX_gather
0F0F0F0F0F0F0F0F,-6.120000000000001,-4.800000000000001,-4.800000000000001,-0.5581235581199995
