,action_ATK_nearest,action_ATK_nearest_weakest,action_MIX_lure,action_MIX_gather
X,2.8885084470053775,3.325905980655502,3.652101799146202,2.851990700481246
terminal,0.0,0.0,0.0,0.0
