,action_ATK_nearest,action_ATK_nearest_weakest,action_MIX_lure,action_MIX_gather
0F0F0F0F0F0F0F0F,-3.1523355887432376,-3.2994272254874204,-3.7401437106616995,-4.675519456674294
