,action_ATK_nearest,action_ATK_nearest_weakest,action_MIX_lure,action_MIX_gather
0F0F0F0F0F0F0F0F,0.7616532779149043,0.9239315014663991,0.10800000000000004,0.7427866410804747
