,action_TFC_000,action_TFU_000,action_TNC_000,action_TNU_000
X,-2.113515503788411,-3.0257470917760148,-3.0445735439504706,-3.349094060434597
terminal,0.0,0.0,0.0,0.0
