,action_TFC_000,action_TFU_000,action_TNC_000,action_TNU_000
F0,-16.434742054051082,-15.434470408756843,-14.972028665712635,-15.852672710421439
terminal,0.0,0.0,0.0,0.0
