,action_TFC_000,action_TFU_000,action_TNC_000,action_TNU_000
AB,-18.642667959794398,-16.85541769436977,-17.248863287620456,-17.822423760934683
terminal,0.0,0.0,0.0,0.0
