,action_TFC_000,action_TFU_000,action_TNC_000,action_TNU_000
46,-10.70168837319942,-12.462117340435903,-10.884168088036786,-11.193087442418996
terminal,0.0,0.0,0.0,0.0
