,action_TFC_000,action_TFU_000,action_TNC_000,action_TNU_000
F0,-6.699277639396115,-7.075972444445421,-5.5040033013705045,-6.537015084324594
terminal,0.0,0.0,0.0,0.0
