,action_TFC_000,action_TFU_000,action_TNC_000,action_TNU_000
FFFF,-5.142912917847328,-4.851801612714556,-5.486053260816041,-4.497978517991145
terminal,0.0,0.0,0.0,0.0
