,action_TFC_000,action_TFU_000,action_TNC_000,action_TNU_000
F0F0F0,-18.236626852953005,-20.86817007329698,-21.805978009813,-20.599563720242408
terminal,0.0,0.0,0.0,0.0
