,action_TFC_000,action_TFU_000,action_TNC_000,action_TNU_000
F0F0F0,-6.717030188740285,-4.5409187992108055,-7.125150957109014,-5.586678043688889
terminal,0.0,0.0,0.0,0.0
