,action_TFC_000,action_TFU_000,action_TNC_000,action_TNU_000
F0F0F0,-20.802655977605138,-22.72572792256103,-22.48436664020705,-6.915080061816584
terminal,0.0,0.0,0.0,0.0
