,action_TFC_000,action_TFU_000,action_TNC_000,action_TNU_000
F0F0F0,-1.42333849355,-1.395095,-1.42164405,-0.9846045000000001
