,action_TFC_000,action_TFU_000,action_TNC_000,action_TNU_000
F0F0F0,-15.951004510980006,-15.800008595686151,-16.048639223938576,-16.964938326708875
terminal,0.0,0.0,0.0,0.0
