,action_TFC_000,action_TFU_000,action_TNC_000,action_TNU_000
F0F0F0,-15.197259258585552,-15.604487440617365,-15.76457678889562,-15.572536652140846
terminal,0.0,0.0,0.0,0.0
