,action_TFC_000,action_TFU_000,action_TNC_000,action_TNU_000
F0F0F0F0,-1.8675855000000001,-1.898811,-1.970195,-2.3550000000000004
