,action_TFC_000,action_TFU_000,action_TNC_000,action_TNU_000
F0F0F0F0,-4.780781615252723,-4.014448941720145,-3.762913053051774,-4.316129013436505
terminal,0.0,0.0,0.0,0.0
