,action_TFC_000,action_TFU_000,action_TNC_000,action_TNU_000
F0F0F0F0,-2.3070785934695,-1.8726305,-1.480145,-1.39694508855
