,action_TFC_000,action_TFU_000,action_TNC_000,action_TNU_000
F0F0F0F0,-4.69931830015415,-4.0954318306622675,-4.403538431938148,-4.915466788687972
