,action_TFC_000,action_TFU_000,action_TNC_000,action_TNU_000
F0F0F0F0,-2.94233,-3.1406349912385503,-2.4846045,-3.7508850166645002
