,action_TFC_000,action_TFU_000,action_TNC_000,action_TNU_000
F0F0F0F0,-18.144030473394874,-17.975557800658,-18.83384598051839,-18.301555431007678
terminal,0.0,0.0,0.0,0.0
