,action_TFC_000,action_TFU_000,action_TNC_000,action_TNU_000
F0F0F0F0,-2.3704816595000002,-1.8117855202095001,-1.0,-2.35
