,action_TFC_000,action_TFU_000,action_TNC_000,action_TNU_000
F0F0F0F0,-9.377595548430737,-9.017675938799007,-8.995335484496977,-9.12412972587096
terminal,0.0,0.0,0.0,0.0
