,action_TFC_000,action_TFU_000,action_TNC_000,action_TNU_000
F0F0F0F0,-4.6672005091318765,-3.400923879581788,-4.487409549118542,-3.3721284947145005
