,action_TFC_000,action_TFU_000,action_TNC_000,action_TNU_000
F0F0F0F0,-1.2190372768456694,-0.8552186021960311,-0.049100108818972255,-2.142277931951874
