,action_TFC_000,action_TFU_000,action_TNC_000,action_TNU_000
F0F0F0F0,-9.272797299837086,-8.788961702733342,-9.581915708685026,-10.048656092493832
terminal,0.0,0.0,0.0,0.0
