,action_TFC_000,action_TFU_000,action_TNC_000,action_TNU_000
F0F0F0F0,-16.244470539108484,-17.248291940586558,-20.329519296480115,-13.00120568033797
terminal,0.0,0.0,0.0,0.0
