,action_TFC_000,action_TFU_000,action_TNC_000,action_TNU_000
F0F0F0F0,-0.868509783405,-1.0,-2.42605855,-2.3820354999999998
