,action_TFC_000,action_TFU_000,action_TNC_000,action_TNU_000
F0F0F0F0,-5.1517032602001,-4.6931761267484005,-5.75563371771589,-4.622079901074001
