,action_TFC_000,action_TFU_000,action_TNC_000,action_TNU_000
F0F0F0F0,-3.30646955,-1.476095,-1.5,-1.86817505
