,action_TFC_000,action_TFU_000,action_TNC_000,action_TNU_000
F0F0F0F0,-1.8905,-0.9850500000000001,-1.887971095,-1.92618455
