,action_TFC_000,action_TFU_000,action_TNC_000,action_TNU_000
F0F0F0F0,-1.8860450000000002,-1.9603490000000001,-1.4945499999999998,-1.92213455
