,action_TFC_000,action_TFU_000,action_TNC_000,action_TNU_000
F0F0F0F0,-1.5,-1.5,-1.2406320541114724,-0.2763417385811928
