,action_TFC_000,action_TFU_000,action_TNC_000,action_TNU_000
F0F0F0F0,-18.186306160627662,-18.439403018635087,-17.385223218287518,-18.10642235807799
terminal,0.0,0.0,0.0,0.0
