,action_TFC_000,action_TFU_000,action_TNC_000,action_TNU_000
F0F0F0F0,-3.9777958675160354,-4.277502333039698,-4.8334901413942974,-4.844021729995661
