,action_TFC_000,action_TFU_000,action_TNC_000,action_TNU_000
F0F0F0F0,-30.541630332832312,-29.799526339437858,-29.723034331707225,-29.583537977504164
terminal,0.0,0.0,0.0,0.0
