,action_TFC_000,action_TFU_000,action_TNC_000,action_TNU_000
F0F0F0F0,-30.52082184760311,-32.66070556667122,-33.005356317821516,-32.485241616382844
