,action_TFC_000,action_TFU_000,action_TNC_000,action_TNU_000
F0F0F0F0,-15.832199238495503,-16.88004732842621,-17.284020560465652,-17.744615356606573
terminal,0.0,0.0,0.0,0.0
