,action_ATK_nearest,action_ATK_nearest_weakest,action_MIX_lure,action_MIX_gather
X,1.0881262046395106,4.526381800471745,2.298385799152515,1.1559086478458898
terminal,0.0,0.0,0.0,0.0
