,action_ATK_nearest,action_ATK_nearest_weakest,action_MIX_lure,action_MIX_gather
0FC3,0.0,23.371762110767758,2.38075418497819,0.0
C30F,2.38075418497819,3.646459639563593,0.7004517843520457,29.894439444394273
