,action_ATK_nearest,action_ATK_nearest_weakest,action_MIX_lure,action_MIX_gather
0F0F,0.43727425542026876,0.8050924689549515,0.09461173309833712,0.13963218206587985
terminal,0.0,0.0,0.0,0.0
