,action_ATK_nearest,action_ATK_nearest_weakest,action_MIX_lure,action_MIX_gather
C30F,0.0,0.05400000000000002,0.036284487737399986,4.95663381500375
0FC3,-0.503286,-0.24137329151510659,-0.8625832650621503,3.7302440034633833
