,action_ATK_nearest,action_ATK_nearest_weakest,action_MIX_lure,action_MIX_gather
0F0F,1.2767593647542066,0.6730835604962473,0.5385882742273302,4.427325340180643
terminal,0.0,0.0,0.0,0.0
