,action_ATK_nearest,action_ATK_nearest_weakest,action_MIX_lure,action_MIX_gather
0F0F0F,0.445587387814105,0.4039222169069372,0.7113294942836949,2.6788661175951223
terminal,0.0,0.0,0.0,0.0
