,action_ATK_nearest,action_ATK_nearest_weakest,action_MIX_lure,action_MIX_gather
0F0F0F,3.8440507886911144,2.6146128011873215,5.1806289601058655,3.108569964834186
terminal,0.0,0.0,0.0,0.0
