,action_ATK_nearest,action_ATK_nearest_weakest,action_MIX_lure,action_MIX_gather
0F0F0F0F,0.9322728481217392,0.14476296947745618,7.916980300264053,-0.6325847779328436
