,action_ATK_nearest,action_ATK_nearest_weakest,action_MIX_lure,action_MIX_gather
0F0F0F0F,-4.885458917764884,-4.636056249842999,-5.009352782136713,-1.3728243402305478
