,action_ATK_nearest,action_ATK_nearest_weakest,action_MIX_lure,action_MIX_gather
0F0F0F0F,2.3416977655474254,20.111818752732454,-4.2318107002715735,0.9656093450465513
