,action_ATK_nearest,action_ATK_nearest_weakest,action_MIX_lure,action_MIX_gather
0F0F0F0F,30.698042723762452,18.034780819611836,11.35534508959985,17.96437646002763
terminal,0.0,0.0,0.0,0.0
