,action_ATK_nearest,action_ATK_nearest_weakest,action_MIX_lure,action_MIX_gather
X,11.731217096437863,8.516537186293442,8.826964086775643,8.692761956497542
terminal,0.0,0.0,0.0,0.0
