,action_ATK_nearest,action_ATK_nearest_weakest,action_MIX_lure,action_MIX_gather
F0F0,12.370667843515307,11.05690369804472,12.25604633543692,12.351291455472536
terminal,0.0,0.0,0.0,0.0
