,action_ATK_nearest,action_ATK_nearest_weakest,action_MIX_lure,action_MIX_gather
F0F00F,0.0,2.7673315832562677,1.8948404037193798,0.748167725152897
F00FF0,0.2572853520406657,0.38282087613853066,0.3451014781448155,2.2872152928539267
0FF0F0,0.0,2.386925684861653,0.2828921726751861,0.0
terminal,0.0,0.0,0.0,0.0
