,action_ATK_nearest,action_ATK_nearest_weakest,action_MIX_lure,action_MIX_gather
F0C30FF0,6.291833407430039,0.0,0.0,0.46563551690095356
C3F00FF0,0.7172916656812408,0.23575331274456174,8.004568988969751,0.6654153117257037
F0C3F00F,0.7093084479565327,7.315845831928329,0.0,0.30398702485855517
C3F0F00F,0.0,0.3202757489133214,0.44980949093826966,7.938918160196032
F0F0C30F,0.0,0.0,0.25185066464157807,0.0
terminal,0.0,0.0,0.0,0.0
