,action_ATK_nearest,action_ATK_nearest_weakest,action_MIX_lure,action_MIX_gather
0F0F0F0F,-5.74377275196955,-5.449067591019385,-4.9417634745234285,-4.547011351548064
