,action_ATK_nearest,action_ATK_nearest_weakest,action_MIX_lure,action_MIX_gather
C3F0F00F,0.7200219000798015,0.571341424790081,0.0004374000000000002,7.4791742141605555
C3F00FF0,5.8718398522682875,0.5226121084005896,1.1060529542756874,0.0
terminal,0.0,0.0,0.0,0.0
F0C3F00F,0.0,5.655424932683403,0.49581712680648954,1.1003179052601197
F0C30FF0,3.066315158058802,0.6784607385582817,0.2898475915788961,5.8206309220276164
F0F0C30F,0.0,0.2990059316130846,0.0,0.0
