,action_ATK_nearest,action_ATK_nearest_weakest,action_MIX_lure,action_MIX_gather
0F0F0F0F,-6.82030738744554,-8.866170059328768,-7.789351951381911,-9.583869910562123
