,action_ATK_nearest,action_ATK_nearest_weakest,action_MIX_lure,action_MIX_gather
F00F0FF0,4.214345958173884,0.0,0.4532394650255051,0.0
F00FF00F,0.0,0.0,0.0,0.1268831756603079
0F0FF0F0,0.0,0.0,0.0,0.0
0FF00FF0,0.0,0.0,0.0,0.7397151774810897
F0F00F0F,0.0,0.8983158961733771,0.0,0.0
