,action_ATK_nearest,action_ATK_nearest_weakest,action_MIX_lure,action_MIX_gather
F0F00F0F,0.0,0.0,0.33166347225356585,0.015046957216236966
F00F0FF0,0.0,0.0,0.14373691078706677,0.0
0F0FF0F0,0.0,0.0,0.5595190414164456,0.04855335183364072
F00FF00F,1.1673537833298389,0.0,0.0,0.0
terminal,0.0,0.0,0.0,0.0
0FF00FF0,0.0,0.0,0.3189094222003394,0.0
0FF0F00F,0.09808803805611527,0.0,0.0,0.0
