,action_ATK_nearest,action_ATK_nearest_weakest,action_MIX_lure,action_MIX_gather
0F0F0F0F0F0F,-1.2000000000000002,-0.30000000000000004,-1.3800000000000001,-1.2000000000000002
