,action_ATK_nearest,action_ATK_nearest_weakest,action_MIX_lure,action_MIX_gather
0F0F0F0F0F0F,-2.8151351399999998,0.736191790686,-0.5902654097400001,-1.36407502086174
