,action_ATK_nearest,action_ATK_nearest_weakest,action_MIX_lure,action_MIX_gather
0F0F0F0F0F0F0F,0.046342255575112005,0.18803156887338499,0.02466496568205831,0.02700000000000001
terminal,0.0,0.0,0.0,0.0
