,action_ATK_nearest,action_ATK_nearest_weakest,action_MIX_lure,action_MIX_gather
0F0F0F0F0F0F0F,3.5386574681063623,3.8759972285386706,2.0052092303584295,1.5914421538929815
terminal,0.0,0.0,0.0,0.0
