,action_ATK_nearest,action_ATK_nearest_weakest,action_MIX_lure,action_MIX_gather
0F0F0F0F0F0F0F0F,0.16200000000000003,0.14215840572583285,2.871734248882883,-0.1195004802757692
terminal,0.0,0.0,0.0,0.0
