,action_ATK_nearest,action_ATK_nearest_weakest,action_MIX_lure,action_MIX_gather
0F0F0F0F0F0F0F0F,48.63686910576408,48.88644313168587,48.563559004417165,49.03049087514284
terminal,0.0,0.0,0.0,0.0
