,action_ATK_nearest,action_ATK_nearest_weakest,action_MIX_lure,action_MIX_gather
0F0F0F0F0F0F0F0F,11.702905323255528,3.459542204395026,-4.5600000000000005,58.92884804806661
terminal,0.0,0.0,0.0,0.0
