,action_ATK_nearest,action_ATK_nearest_weakest,action_ATK_threatening
0F0F0F,-0.6478324327412651,0.3730807907720408,9.05685742911461
FFFF,0.46873488210108044,0.0,0.0
