,action_ATK_nearest,action_ATK_nearest_weakest,action_ATK_threatening
0F0F0F0F0F0F0F,5.094491340857288,1.0470608496000002,57.89303411962206
