,action_ATK_nearest,action_ATK_nearest_weakest,action_ATK_threatening
0F0F0F0F0F0F0F,88.25048039299156,9.408114159778368,8.037802347904348
