,action_ATK_nearest,action_ATK_nearest_weakest,action_ATK_threatening
0F0F0F0F0F0F0F0F,-1.073092962355751,-0.007654828166753606,-1.6467402531703712
