,action_ATK_nearest,action_ATK_nearest_weakest,action_ATK_threatening
0F0F0F0F0F0F0F0F,26.965698793025208,0.3605276099999999,1.118822756180238
