,action_TFC_000,action_greedy
000C000F000C000F000C000F,-0.48163455,-0.8280500000000002
100F000F1000F00F100F000F,0.0,0.0
0009000F0009000F0009000F,0.0,0.0
terminal,0.0,0.0
000F000F000F000F000F000F,0.0,0.0
1000F00F1000F00F100F000F,-0.499258826739,-0.5515509106354634
1000F00C1000F00C1000F00C,-1.3439916841130175,-1.128343451505148
100B000F100B000F100B000F,-0.95,-0.5322123847161
1000F00E1000F00E1000F00E,-0.5632117984496254,-1.35097109361
000F000F0000F00F000F000F,0.0,0.0
