,action_ATK_nearest,action_ATK_nearest_weakest,action_MIX_lure,action_MIX_gather
X,21.005819397438497,8.339637125289837,4.3435799019217,11.289303612429194
terminal,0.0,0.0,0.0,0.0
