,action_ATK_nearest,action_ATK_nearest_weakest,action_MIX_lure,action_MIX_gather
B60F,1.4400000000000002,0.654,0.0,0.0
0FB6,0.12960000000000002,0.6000000000000001,0.0,0.0
