,action_ATK_nearest,action_ATK_nearest_weakest,action_MIX_lure,action_MIX_gather
D30F,0.2693787000000001,0.5700000000000001,0.0,0.0
0FD3,0.0,0.056430000000000015,0.0,0.0
