,action_ATK_nearest,action_ATK_nearest_weakest,action_MIX_lure,action_MIX_gather
0F0F0F,3.8097043862912985,0.3468407015259845,0.02700000000000001,0.022531871559152372
terminal,0.0,0.0,0.0,0.0
