,action_ATK_nearest,action_ATK_nearest_weakest,action_MIX_lure,action_MIX_gather
0F0F0F0F,0.02943,0.027156376357013685,0.24448084022252048,1.4879977269419853
terminal,0.0,0.0,0.0,0.0
