,action_ATK_nearest,action_ATK_nearest_weakest,action_MIX_lure,action_MIX_gather
C90F0FF0,0.0,0.0,0.0,0.0
C90FF00F,0.0,0.0,0.0,0.6000000000000001
0FC9F00F,0.0,0.0,0.0,0.0
0FF0C90F,0.0,0.6000000000000001,0.0,-0.6000000000000001
0FC90FF0,0.0,-0.30000000000000004,0.0,0.0
F0C90F0F,0.0,-0.6000000000000001,0.0,-0.30000000000000004
C9F00F0F,0.54,-0.30000000000000004,0.0,0.0
