,action_ATK_nearest,action_ATK_nearest_weakest,action_MIX_lure,action_MIX_gather
0F0F0F0F0F,3.8833239151706835,69.60202511072062,2.8470682611461253,1.8110519696378948
