,action_ATK_nearest,action_ATK_nearest_weakest,action_MIX_lure,action_MIX_gather
0F0F0F0F0F,-0.6000000000000001,-1.46982932373,-0.8207999999999995,7.872358664580301
