,action_ATK_nearest,action_ATK_nearest_weakest,action_MIX_lure,action_MIX_gather
0F0F0F0F0F,2.6023353205976294,1.0367136676406496,3.8984745760599937,23.507905073520625
terminal,0.0,0.0,0.0,0.0
