,action_ATK_nearest,action_ATK_nearest_weakest,action_MIX_lure,action_MIX_gather
0F0F0F0F0F,0.46834032900000006,-0.7568100000000001,2.804018940292163,1.2657501322582334
