,action_ATK_nearest,action_ATK_nearest_weakest,action_MIX_lure,action_MIX_gather
0F0F0F0F0F0F,-0.7612611508914051,-0.49807987252400016,-2.3816216817240092,-0.5286423856404445
