,action_ATK_nearest,action_ATK_nearest_weakest,action_MIX_lure,action_MIX_gather
0F0F0F0F0F0F,-10.338781626386783,-12.050817091199999,-11.329104200090033,-9.511445544014224
