,action_ATK_nearest,action_ATK_nearest_weakest,action_MIX_lure,action_MIX_gather
0F0F0F0F0F0F,0.37664999999999993,-2.07357,1.2763956733500001,0.0005224020000001994
