,action_ATK_nearest,action_ATK_nearest_weakest,action_MIX_lure,action_MIX_gather
0F0F0F0F0F0F,-1.4202270000000001,-2.8890202800000004,-1.6446478062231293,-0.8097204300000003
