,action_ATK_nearest,action_ATK_nearest_weakest,action_MIX_lure,action_MIX_gather
0F0F0F0F0F0F,-1.2000000000000002,-0.6000000000000001,-1.7940000000000003,-0.6000000000000001
