,action_ATK_nearest,action_ATK_nearest_weakest,action_MIX_lure,action_MIX_gather
0F0F0F0F0F0F0F,2.5632438214311772,10.614696262293556,0.5360896529211271,1.1643747203325747
