,action_ATK_nearest,action_ATK_nearest_weakest,action_MIX_lure,action_MIX_gather
0F0F0F0F0F0F0F0F,-5.121877051616985,-5.891083554545509,-4.334614495418041,-3.144620070108906
