,action_ATK_nearest,action_ATK_nearest_weakest,action_MIX_lure,action_MIX_gather
X,19.359849719368015,21.972056759820706,18.142919442192973,24.8232404672435
terminal,0.0,0.0,0.0,0.0
