,action_ATK_nearest,action_ATK_nearest_weakest
B6,-1.7400000000000002,10.141772197391527
AB,7.940487709011931,-0.61728
terminal,0.0,0.0
