,action_ATK_nearest,action_ATK_nearest_weakest
C3,2.2065595908971587,2.7235141763024355
AB,-1.1435914800000002,5.661679560951581
terminal,0.0,0.0
