,action_ATK_nearest,action_ATK_nearest_weakest
C3,3.1880541314064246,7.4924393709422485
87,1.371878257703763,4.3257599475097805
AB,-0.6926893382375907,1.8813271430612046
terminal,0.0,0.0
