,action_ATK_nearest,action_ATK_nearest_weakest
46,-1.4969999999999999,1.617273
A8,-0.15444543,0.0
