,action_ATK_nearest,action_ATK_nearest_weakest,action_MIX_lure,action_MIX_gather
F0,-2.638797220643105,-3.8939515768037474,-1.9973360973236767,-2.441080522394636
terminal,0.0,0.0,0.0,0.0
