,action_ATK_nearest,action_ATK_nearest_weakest
46,5.24707828586445,-1.4947676505376637
