,action_ATK_nearest,action_ATK_nearest_weakest
87,-0.05505799465719098,-0.3323992894809952
88,1.882697653227156,0.3594
A6,0.9562197041297129,0.0
