,action_ATK_nearest,action_ATK_nearest_weakest
AB0F,-0.30000000000000004,1.6959000000000002
C30F,0.0,-1.0731
