,action_ATK_nearest,action_ATK_nearest_weakest,action_MIX_lure,action_MIX_gather
0F0F,4.792656450863411,1.9062698671808838,2.2160248722819387,2.8805422349215295
terminal,0.0,0.0,0.0,0.0
