,action_ATK_nearest,action_ATK_nearest_weakest
0F0F,1.1352225074727298,-0.5718871061322469
terminal,0.0,0.0
FFFF,4.869402446450955,0.0
