,action_ATK_nearest,action_ATK_nearest_weakest
C30F,0.0,3.9710970855020626
F0F0,9.567038504635136,-0.9
FF0F,0.0,0.6000000000000001
