,action_ATK_nearest,action_ATK_nearest_weakest
F0F0,6.411037348136829,-0.17877822956400014
0F0F,-3.434637898877731,2.163934796397649
460F,3.082943062699243,-0.6000000000000001
