,action_ATK_nearest,action_ATK_nearest_weakest
0F0F6C,0.0,0.30000000000000004
0F6C0F,-1.2000000000000002,0.0
6C0F0F,0.0,0.0
