,action_ATK_nearest,action_ATK_nearest_weakest
0F0F0F,0.6847802761180382,6.8737149516015235
