,action_ATK_nearest,action_ATK_nearest_weakest
0FF00F,-1.2000000000000002,0.0
F00F0F,0.0,-1.4400000000000002
