,action_ATK_nearest,action_ATK_nearest_weakest
ABF00F,0.0,0.30000000000000004
F0AB0F,0.0,1.35
C30FFF,0.6000000000000001,0.0
FFC30F,0.0,0.0
