,action_ATK_nearest,action_ATK_nearest_weakest
0F0F0F0F,3.824523970123527,-0.6683426969999999
