,action_ATK_nearest,action_ATK_nearest_weakest
0F0F0F0F,0.24818488386180015,-0.6000000000000001
