,action_ATK_nearest,action_ATK_nearest_weakest
0F0F0F0F,33.510596810273896,0.27791430167946074
