,action_ATK_nearest,action_ATK_nearest_weakest
0F0F0F0F,0.9755919214897526,3.0037557148773355
