,action_ATK_nearest,action_ATK_nearest_weakest
0F0F0F0F,0.41023851870000005,2.9462832464067743
