,action_ATK_nearest,action_ATK_nearest_weakest
0F0F0F0F,2.5761356489400002,11.110698251800281
