,action_ATK_nearest,action_ATK_nearest_weakest
ABC30F0F,0.0,0.9
0F0F0F0F,3.0177659827082692,0.35972809217893564
