,action_ATK_nearest,action_ATK_nearest_weakest
0F0F0F0F0F,25.405533537932513,-1.0541760881270512
