,action_ATK_nearest,action_ATK_nearest_weakest
0F0F0F0F0F,-0.5686227569999998,8.926824471449976
