,action_ATK_nearest,action_ATK_nearest_weakest
0F0F0F0F0F,34.80907163558456,1.051071437147257
