,action_ATK_nearest,action_ATK_nearest_weakest,action_MIX_lure,action_MIX_gather
0F0F0F0F0F,-1.1400000000000001,0.03844532860197558,-2.21141127,-0.8147866344060651
