,action_ATK_nearest,action_ATK_nearest_weakest
0F0F0F0F0F0F,-0.8678019270000001,2.6581418496062783
