,action_ATK_nearest,action_ATK_nearest_weakest
0F0F0F0F0F0F,5.837867600741812,3.6646169906094133
