,action_ATK_nearest,action_ATK_nearest_weakest
0F0F0F0F0F0F,2.3233680479400003,-1.6800000000000002
