,action_ATK_nearest,action_ATK_nearest_weakest
0F0F0F0F0F0F,2.9700900000000003,-0.8700000000000001
