,action_ATK_nearest,action_ATK_nearest_weakest
0F0F0F0F0F0F,28.184229299580682,1.04717307838335
