,action_ATK_nearest,action_ATK_nearest_weakest
0F0F0F0F0F0F,-1.1328316200000006,-1.2927000000000004
