,action_ATK_nearest,action_ATK_nearest_weakest
0F0F0F0F0F0F,1.3194564300000002,0.6606270000000001
