,action_ATK_nearest,action_ATK_nearest_weakest
0F0F0F0F0F0F,13.774841069110487,-0.26796088041223987
