,action_ATK_nearest,action_ATK_nearest_weakest
0F0F0F0F0F0F,-0.2103282203299841,0.9963531074446212
