,action_ATK_nearest,action_ATK_nearest_weakest,action_MIX_lure,action_MIX_gather
0F0F0F0F0F0F0F0F,10.414008612859604,32.22188226338732,17.001265622796733,8.839166146867907
