,action_ATK_nearest,action_ATK_nearest_weakest
0F0F0F0F0F0F0F0F,-2.5403482079267254,10.623611392371396
