,action_ATK_nearest,action_ATK_nearest_weakest
0F0F0F0F0F0F0F0F,-9.458690733897285,-11.595216864828002
