,action_ATK_nearest,action_ATK_nearest_weakest,action_MIX_lure,action_MIX_gather
X,12.799136496400093,14.633150793764923,12.799604747636282,13.390560720671072
terminal,0.0,0.0,0.0,0.0
