,action_ATK_nearest,action_ATK_nearest_weakest,action_MIX_lure,action_MIX_gather
0F0F0F0F0F0F0F0F,16.346608126666627,83.5213102414552,23.42600371922024,32.04443110449834
