,action_ATK_nearest,action_ATK_nearest_weakest,action_MIX_lure,action_MIX_gather
0F0F0F0F0F0F0F0F,-12.669006094376241,-10.689817086400003,-14.351449431147284,-12.678880349089553
