,action_TFC_finish,action_TNC_finish
0,0.0,0.5
1,0.5,0.0
2,0.5625,0.0
3,0.0,0.5625
4,0.625,0.0
5,0.0,0.625
6,0.6875,0.0
7,0.0,0.6875
8,0.0,0.5625
9,0.0,0.625
10,3.8333234441162114,1.6526191406250001
10,0.0,0.625
