,action_TFC_finish,action_TNC_finish
"(4, 4)",2.90033460180664,3.2424001380861505
"(4, 3)",1.9485985540771487,0.0
"(4, 2)",0.5625,0.0
"(3, 1)",2.43130416061771,0.5625
"(3, 0)",4.236355961388547,4.5603739334639
terminal,0.0,0.0
"(3, 2)",3.4667164384649762,0.725
"(3, 3)",0.0,2.1801899056382132
"(2, 3)",0.0,0.65625
"(2, 0)",1.7195152712890625,3.15325462326416
