,action_TFC_finish,action_TNC_finish
0,0.0,0.75
1,0.0,0.5
2,0.5,0.0
3,0.0,0.5
4,0.5625,0.0
5,0.0,0.4375
6,0.5,0.0
7,0.0,0.5
8,0.4375,0.0
9,0.0,0.4375
10,0.5,0.0
11,1.650436514550781,1.644190625
terminal,0.0,0.0
12,0.0,0.5
13,0.0,0.5
14,0.5625,0.0
15,0.0,0.5625
16,0.0,0.5
17,0.0,0.5
18,0.0,0.5625
19,0.0,0.5625
20,0.0,0.625
21,0.0,1.51640625
22,1.234375,0.0
23,0.625,0.0
24,0.0,0.90625
25,1.1734375,0.0
