,action_ATK_nearest,action_ATK_nearest_weakest,action_MIX_lure,action_MIX_gather
X,0.0022211441546065025,1.4749626788566281,3.1235101991245684,1.6379368707062119
terminal,0.0,0.0,0.0,0.0
