,action_ATK_nearest,action_ATK_nearest_weakest,action_MIX_lure,action_MIX_gather
0F0F0F0F0F0F0F,-4.780611836927152,-2.4058504987776534,-1.6543118723443548,-1.2000000000000002
