,action_ATK_nearest,action_ATK_nearest_weakest,action_MIX_lure,action_MIX_gather
0F0F0F0F0F0F0F,0.6044092991100599,0.8964300000000002,5.709039536618933,0.8300509025700002
