,action_ATK_nearest,action_ATK_nearest_weakest,action_MIX_lure,action_MIX_gather
0F0F0F0F0F0F0F0F,-1.8420966627059543,-1.618302665414416,-1.6266202559585792,-0.7983672094509381
